<?xml version="1.0" encoding="UTF-8"?>
<beans xmlns="http://www.springframework.org/schema/beans"
       xmlns:xsi="http://www.w3.org/2001/XMLSchema-instance"
       xmlns:context="http://www.springframework.org/schema/context"
       xmlns:aop="http://www.springframework.org/schema/aop"
       xsi:schemaLocation="http://www.springframework.org/schema/beans http://www.springframework.org/schema/beans/spring-beans.xsd http://www.springframework.org/schema/context http://www.springframework.org/schema/context/spring-context-3.1.xsd http://www.springframework.org/schema/aop http://www.springframework.org/schema/aop/spring-aop-2.0.xsd">


    <!-- <bean id="partRepo" class="concurs.repository.mock.ParticipantRepositoryMock"/>   -->

   <bean id="partRepo" class="concurs.repository.dao.ParticipantsRepositoryDAO">
        <property name="dataSource" ref="dataSource"/>
    </bean>
    <bean id="contest" class="concurs.model.Concurs">
       <constructor-arg ref="partRepo"/>
        <!--<property name="participantsRepository" ref="partRepo"/>     -->
    </bean>
    <bean id="contestCtrl" class="concurs.ctrl.ConcursCtrl">
        <constructor-arg ref="contest"/>
     <!--   <property name="concurs"  ref="contest"/>   -->
    </bean>
    <bean id="resultsHandler" class="concurs.ctrl.ViewResultsHandler" scope="prototype">
        <constructor-arg ref="contest"/>
    </bean>
    <bean id="dataSource" class="org.apache.commons.dbcp.BasicDataSource" destroy-method="close">
           <property name="driverClassName" value="${db.driver}"/>
           <property name="url" value="${db.url}"/>
    </bean>

    <context:property-placeholder location="contestjdbc.properties"/>


   <!-- <bean id="loggingContest" class="concurs.aspects.LoggingAspect"/>

    <aop:aspectj-autoproxy proxy-target-class="true"/>     -->
</beans>