<?xml version="1.0" encoding="UTF-8"?>
<beans xmlns="http://www.springframework.org/schema/beans"
       xmlns:xsi="http://www.w3.org/2001/XMLSchema-instance"
       xmlns:context="http://www.springframework.org/schema/context"
       xmlns:aop="http://www.springframework.org/schema/aop"
       xsi:schemaLocation="http://www.springframework.org/schema/beans http://www.springframework.org/schema/beans/spring-beans.xsd http://www.springframework.org/schema/context http://www.springframework.org/schema/context/spring-context-3.1.xsd http://www.springframework.org/schema/aop http://www.springframework.org/schema/aop/spring-aop-2.0.xsd">


    <bean id="partRepo" class="contest.repository.mock.ParticipantRepositoryMock"/>    

<!--     <bean id="partRepo" class="contest.repository.dao.ParticipantsRepositoryDAO">
        <property name="dataSource" ref="dataSource"/>
    </bean> -->

    <bean id="contest" class="contest.model.Contest">
       <constructor-arg ref="partRepo"/>
        <!--<property name="participantsRepository" ref="partRepo"/>     -->
    </bean>
    <bean id="contestCtrl" class="contest.ctrl.ContestCtrl">
        <constructor-arg ref="contest"/>
        <!--<property name="concurs"  ref="contest"/>   -->
    </bean>
    <bean id="resultsHandler" class="contest.ctrl.ViewResultsHandler" scope="prototype">
        <constructor-arg ref="contest"/>
    </bean>
    <bean id="dataSource" class="org.apache.commons.dbcp.BasicDataSource" destroy-method="close">
           <property name="driverClassName" value="${db.driver}"/>
           <property name="url" value="${db.url}"/>
           <property name="username" value="${db.user}"/>
            <property name="password" value="${db.pass}"/>

    </bean>

    <context:property-placeholder location="contestjdbc.properties"/>


    <!--<bean id="loggingContest" class="contest.aspects.LoggingAspect"/>

    <aop:aspectj-autoproxy proxy-target-class="true"/>  -->
</beans>